Team1 v/s Team2,Game Number,W/L,Team1 strength,Team2 strength,Total Time 1,Total Time 2
13 v/s 12,0,L,985.9427113195254,1090.515910447673,238.0,239.0
11 v/s 2,1,L,1058.5040855477425,1078.318439976375,240.0,239.0
7 v/s 12,2,W,1016.263667791755,904.5858411968022,242.0,240.0
3 v/s 14,3,W,1050.3138443516361,1026.2573046712243,237.0,242.0
12 v/s 1,4,W,1044.1376215926864,967.3131957234867,237.0,240.0
6 v/s 12,5,W,1031.3239892459164,992.5097535505147,239.0,239.0
5 v/s 7,6,L,941.7982781867377,943.487313935984,240.0,241.0
5 v/s 3,7,W,993.4252028565443,931.3974049705363,237.0,238.0
