k value,Mean Square Error
2,38252.81939425099
5,43979.26232525199
10,67189.98694641427
20,102585.22911176133
50,165527.18020846922
100,273335.42300226865
200,591835.7713285396
500,2615225.20629903
