k value,Mean Square Error
1,485.26772257158154
1.5,511.75388820410575
2,543.7059247724092
5,776.2235213988779
10,1111.9176293973594
20,1481.544994193051
50,1948.5193448732937
100,2675.8854296544887
200,4707.010821810895
500,17755.479323868363
