k value,Mean Square Error
20,789555.6197029545
100,1529459.4427272694
200,3459681.7892605527
500,8940601.609147135
750,16372004.744318407
1000,30004659.45281141
