k value,Mean Square Error
0,3471.3478269956545
1,2926.1114559220287
2,2713.3075073865957
5,2980.0232306688886
10,4073.910497280069
20,5752.364547815197
50,9260.937164547175
