k value,Mean Square Error
0,13177.460744457356
1,12568.033238294236
2,12261.658041798095
5,12210.765698138719
10,12885.752582594298
20,14149.850708499998
50,17279.530616588137
