k value,Mean Square Error
20,17664469.79724545
100,17662001.495046444
200,17660914.371038504
500,17660478.80734098
750,17660423.504002385
1000,17660308.32443752
