k value,Mean Square Error
1,570.5900931476131
1.5,582.392029363921
2,600.8971195823174
5,772.9608363604601
10,1053.6512714075193
20,1377.0833978375351
50,1782.9567163396423
100,2417.16582494299
200,4319.20103436187
500,16711.491671603362
