k value,Mean Square Error
0,2368.5034776614384
1,1807.511387485147
2,1599.1591106769658
5,1913.857327783506
10,3055.3791490873678
20,4694.279804117771
50,8070.552984509503
