k value,Mean Square Error
10,32996.805981813544
20,28875.325507662325
100,25447.68225183378
200,38230.25945909859
500,111223.4009039603
750,237524.9796213152
1000,486806.1494934965
1200,838175.5003089235
