k value,Mean Square Error
20,39615.04004837048
100,18840.70126589444
200,22094.19693008278
500,103553.94525704904
750,248476.49549270922
1000,472752.32460646867
