k value,Mean Square Error
1,423.4652526899046
5,336.8453751884547
10,288.97922319563264
20,250.63584928717873
100,178.76124113899144
200,225.34364226439214
500,661.9881130306837
750,1430.2207064529057
1000,3089.185781527134
1200,5510.7228437440635
