k value,Mean Square Error
1,540.9901234021072
5,449.2631948033958
10,394.6027570899833
20,342.13657765637606
100,203.2038640354413
200,234.63119448963008
500,688.0829906109186
750,1343.9246334048607
1000,2832.3200267773473
1200,5269.311359066752
