k value,Mean Square Error
1,81317.39670397916
1.5,79324.61450772753
2,78331.76727804169
5,83123.13775561555
10,99529.5516812718
20,122329.61730674168
50,169636.71013408824
100,267229.139470574
200,553829.1653005619
500,2475164.6478236164
