k value,Mean Square Error
1,85513.82165029118
5,74963.92834625396
10,68061.09642349732
20,60265.47550745491
100,40484.688877230816
200,47704.10272102891
500,122650.92318816567
750,262901.12898714276
1000,574115.4450949266
1200,1080370.027342527
