Team,Team strength
T14,249884.39411764705
T5,257390.69273743016
T1,243288.75155279506
T4,242266.01265822782
T11,242330.01875
T8,265515.8186528497
T10,261310.6595744681
T12,260208.0994475138
T6,242631.26875
T16,251101.10404624278
T7,249857.83233532932
T9,249460.82142857142
T15,250282.75294117647
T13,251652.20000000004
T2,256948.44886363635
T3,251587.56818181818
