Team,Team strength
T12,245731.2883435583
T1,257448.25
T13,246486.37951807227
T10,254658.44198895028
T16,265419.614973262
T5,270358.5206185567
T7,270483.55050505046
T11,264141.0736842106
T3,258688.34065934067
T8,257867.32222222222
T9,244597.14814814812
T14,256934.75568181818
T15,272683.8585365854
T6,243279.08641975306
T2,244211.325
T4,268288.0507614213
