Team,Team strength
T13,249997.33333333334
T8,241122.06493506493
T2,250963.22352941177
T12,249498.05232558138
T4,257879.21857923493
T16,249893.77108433735
T3,255376.9435028248
T1,243966.84472049694
T6,263817.5803108808
T5,246773.89820359283
T15,256636.72625698327
T7,276113.35406698566
T9,242938.4135802469
T10,268439.22885572136
T11,259971.0939226519
T14,257754.1602209945
