Team,Team strength
T16,256492.8571428571
T4,266820.7150259067
T6,253676.04597701153
T10,279594.5933014354
T9,260731.875
T1,245957.06875
T11,262969.7098445596
T5,243391.925
T8,250513.0828402367
T13,255172.1771428572
T3,263631.2879581152
T14,266587.9130434783
T2,256204.5418994413
T7,258590.30726256984
T15,256623.0280898876
T12,276515.60294117645
