Team,Team strength
T11,265600.3369565217
T9,253612.33333333337
T15,258479.26966292135
T5,245858.4417177914
T14,248390.17682926828
T12,242736.1210191083
T8,238608.7792207792
T13,252448.91764705884
T16,254367.46666666667
T1,256386.5111111111
T6,264947.7894736842
T7,253683.13559322033
T3,260357.22651933698
T10,249087.84523809524
T4,248621.625
T2,252122.85882352944
