Team,Team strength
T10,245167.164556962
T2,268913.3229166667
T12,252615.3641618497
T8,256862.42937853106
T13,259635.99444444443
T11,246785.46060606063
T4,250124.1754385965
T1,270194.54123711336
T9,256098.1022727273
T5,258687.98235294115
T3,256692.7011494253
T6,258394.20903954803
T7,267134.9744897959
T16,271869.0582524272
T14,253374.1520467836
T15,258151.16666666666
