Team,Team strength
T1,267779.8697916667
T8,256582.44751381213
T16,267806.6153846154
T10,251122.00000000003
T6,235537.33333333337
T14,263048.9361702128
T11,261436.80000000002
T4,255707.8079096045
T3,244158.29012345677
T7,263738.0989583333
T9,252822.77142857137
T2,243679.4409937888
T15,260870.71195652173
T5,258094.93333333332
T13,266296.3041237113
T12,238228.5
