Team,Team strength
T12,254242.88268156428
T11,240022.0064516129
T13,262473.8858695652
T2,257147.0
T7,255144.0222222222
T10,245687.74390243905
T3,248483.8343195266
T4,270963.11616161617
T14,269430.8415841584
T16,261251.77419354845
T6,259686.56989247314
T1,253646.23121387287
T8,265522.0621761658
T5,250212.96491228067
T15,250995.1578947368
T9,258048.47027027025
