Team,Team strength
T6,250058.17751479291
T1,255291.98857142855
T15,255395.1695906433
T11,258677.8212290503
T14,245417.84049079756
T5,267726.5329949239
T16,252290.0284090909
T7,259280.6358695652
T2,276699.1339712919
T10,259075.0
T8,252411.56140350876
T12,248020.1882352941
T13,255099.88505747126
T3,260094.82485875706
T4,256302.11494252871
T9,253855.62857142853
