Team,Team strength
T4,271706.16746411484
T13,251882.83139534883
T9,247303.2976190476
T2,257691.23626373627
T16,245278.85889570555
T7,243558.76543209873
T12,240992.46875
T10,255182.4438202247
T3,258869.36413043475
T15,255620.21022727274
T6,259344.43258426967
T14,257870.0
T1,242875.28125
T5,242251.05095541402
T8,257777.10055865927
T11,249460.8214285714
