Team,Team strength
T14,248768.70588235292
T12,251677.03030303027
T13,252296.52873563225
T16,242794.77639751552
T1,246343.39877300608
T2,263398.8235294118
T5,241274.55696202532
T15,253993.46022727268
T6,240458.51265822788
T8,243565.67701863355
T9,239966.923566879
T7,252455.81034482757
T10,258158.38764044942
T4,261610.10928961742
T11,248190.5636363636
T3,257929.90960451978
