Team,Team strength
T8,252088.81871345028
T3,253781.2159090909
T12,252920.11976047905
T1,266130.39795918367
T10,272456.2932692308
T15,247869.9518072289
T4,245298.5636363636
T2,256455.60655737706
T16,236878.57432432435
T13,248868.36309523814
T14,254696.12865497073
T7,250944.05232558138
T5,252915.04
T11,260886.34574468085
T6,251889.57803468208
T9,255233.97740112996
