Team,Team strength
T14,258456.03825136612
T12,241203.6838709677
T11,253584.3314285714
T10,255047.4406779661
T7,253657.32
T5,256870.3977272727
T13,269768.76020408166
T1,258634.73743016756
T3,268134.1282051282
T6,255398.3488372093
T16,247268.92121212123
T9,253141.94219653177
T4,246396.04878048785
T8,264073.88659793814
T2,257201.4632768362
T15,247064.43636363634
