Team,Team strength
T3,257793.61748633877
T12,249761.47093023258
T15,257949.01639344267
T2,261057.29120879123
T13,264172.7842105263
T16,240643.0759493671
T7,251686.2574850299
T11,253176.1046511628
T14,247027.88622754495
T1,247774.13253012052
T5,250876.82080924857
T8,249637.26785714284
T4,255716.0625
T6,258755.91061452514
T10,251083.4970414201
T9,249563.43712574852
