Team,Team strength
T10,257240.72222222222
T6,240672.60377358488
T14,250511.65680473374
T11,258555.4247311828
T2,257969.07777777774
T8,249024.7261904762
T15,268388.7230769231
T5,248069.81437125753
T12,249488.71686746986
T16,264621.8052631579
T4,251240.38596491228
T3,254742.4772727273
T7,271198.293814433
T13,254605.4195402299
T1,251613.58522727274
T9,261416.69518716572
