Team,Team strength
T14,268256.4820512821
T2,251689.47093023252
T11,254316.61931818182
T8,264179.6978021979
T5,256202.97237569065
T1,274205.3543689321
T13,247950.0359281437
T9,256741.31666666668
T7,251780.64204545453
T3,246161.17469879516
T6,259061.75824175822
T15,252397.0581395349
T12,261956.6898395722
T4,259006.8913043478
T10,258982.81420765026
T16,258779.40883977897
