Team,Team strength
T16,242031.78125
T12,249600.86470588238
T5,236822.12751677854
T1,264183.45077720203
T15,242069.4375
T4,256577.1215469613
T3,261568.37297297298
T10,260648.26966292138
T7,251310.06358381506
T13,260972.23404255314
T11,238117.45098039214
T9,266444.5263157895
T14,257620.9217877095
T6,253946.30337078648
T8,248519.2
T2,252956.88636363635
