Team,Team strength
T5,253533.37714285715
T6,247380.0059880239
T9,255397.0722222222
T10,253762.16853932585
T4,262868.1861702128
T14,260149.62295081964
T16,240815.79617834397
T2,257116.37569060773
T8,252947.67597765362
T13,260176.34408602156
T15,255454.52272727274
T11,245988.55214723924
T3,255743.44886363638
T7,260415.64480874318
T12,250055.1341463415
T1,254992.72777777776
