Team,Team strength
T5,259529.79032258067
T6,255493.84831460676
T3,253904.7093023256
T16,256267.41807909607
T4,268787.5459183674
T8,245295.38414634147
T10,267506.0706521739
T7,242198.9371069182
T13,249576.42514970058
T15,266183.27040816325
T14,262851.08947368426
T11,270149.00995024876
T2,244897.65432098767
T12,259379.91160220993
T9,263288.65425531915
T1,246753.3272727273
