Team,Team strength
T14,261425.41208791212
T12,248878.9578313253
T11,246344.10240963855
T8,244155.0426829268
T3,244408.00613496933
T16,267239.9790575916
T1,257743.44134078216
T10,262653.9144385027
T9,248410.75
T5,252513.53672316385
T15,256625.7359550562
T2,250094.1204819277
T13,256844.75138121546
T6,243729.2866242038
T4,262392.29411764705
T7,256203.0833333333
