Team,Team strength
T13,267022.2619047619
T8,280748.43125
T6,265369.2421875
T7,265266.3539823009
T16,257157.14736842102
T2,266154.375
T3,274777.2132352941
T9,256087.72093023258
T12,268965.3410852713
T4,255561.86597938143
T10,258919.64462809917
T1,280476.7450980392
T15,279068.36000000004
T11,263574.7902097902
T14,279691.2764227643
T5,255633.623655914
